First Name,Last Name
Benjamin,Garcia
James,Brown
Alice,Johnson
Alice,Jones
John,Hernandez
Michael,Smith
Sophia,Jones
Alice,Williams
William,Brown
John,Martinez
Alice,Martinez
James,Hernandez
Benjamin,Johnson
Olivia,Hernandez
Emma,Jones
Benjamin,Davis
Sophia,Jones
James,Hernandez
Alice,Johnson
John,Smith
Alice,Johnson
Emma,Garcia
Olivia,Hernandez
John,Miller
John,Brown
Sophia,Miller
Olivia,Garcia
James,Brown
Emma,Martinez
James,Martinez
Alice,Smith
James,Garcia
John,Martinez
Jane,Smith
John,Hernandez
Jane,Brown
Jane,Hernandez
Alice,Davis
Sophia,Williams
Jane,Miller
James,Davis
William,Brown
Emma,Jones
Olivia,Davis
Alice,Hernandez
Sophia,Davis
Jane,Smith
Sophia,Martinez
John,Garcia
Michael,Garcia
Michael,Smith
Alice,Garcia
William,Hernandez
Olivia,Johnson
William,Smith
Sophia,Miller
John,Miller
James,Martinez
Benjamin,Smith
Emma,Johnson
James,Hernandez
Sophia,Johnson
William,Miller
Sophia,Jones
Benjamin,Smith
Olivia,Smith
Olivia,Martinez
Olivia,Smith
Alice,Garcia
Benjamin,Davis
Alice,Johnson
Benjamin,Hernandez
Sophia,Brown
Emma,Miller
John,Davis
Michael,Davis
Michael,Johnson
Sophia,Hernandez
Benjamin,Johnson
Sophia,Brown
John,Hernandez
Sophia,Brown
William,Miller
Olivia,Hernandez
William,Davis
Benjamin,Jones
Sophia,Brown
James,Jones
Olivia,Hernandez
Jane,Johnson
Alice,Brown
Sophia,Brown
William,Martinez
Alice,Garcia
John,Brown
Sophia,Smith
James,Smith
James,Johnson
Benjamin,Williams
Olivia,Smith
